head,display,graph,mantel_r,mantel_p,spearman_rho
clip_l,CLIP-L,GU,0.10533359815584004,0.0124,0.05079132916453414
clip_l,CLIP-L,GY,0.02035449734263175,0.5573,0.026566343068171842
clip_l,CLIP-L,VGG,0.6380661949950626,0.0001,0.6213115459593632
_vgg_2020,VGG-2020,GU,0.04209855989175313,0.2533,-0.004497433024820352
_vgg_2020,VGG-2020,GY,-0.03649916933639202,0.2193,-0.02865666934373302
