head,display,variable,Df,variance,variance_pct,F_stat,p_value
clip_l,CLIP-L,school,1,0.02656396473136713,0.5519153319168812,2.8488887304135577,0.042
clip_l,CLIP-L,gender,2,0.07133938342687074,1.4822071886089518,3.825444874941377,0.003
clip_l,CLIP-L,professor_class,28,0.4693335176482236,9.751268938656114,1.797654108212853,0.001
clip_l,CLIP-L,continent,3,0.11670879430963366,2.4248403278807324,4.172198091301981,0.001
