head,variable,n,mantel_r,mantel_p,permanova_f,permanova_p
clip_l,school,441,0.027335651714385217,0.0013,3.150350756480759,0.0001
clip_l,gender,439,0.01238937177421039,0.0983,6.505143564898934,0.0001
clip_l,nationality,233,-0.08663198563742686,0.1079,0.7953035791454153,0.8099
clip_l,professor,419,0.026586128935720654,0.0001,2.3223146419646024,0.0001
