head,variable,n,mantel_r,mantel_p,permanova_f,permanova_p
clip_b32,school,441,0.024636166392663916,0.0021,2.847996602054538,0.0001
clip_b32,gender,439,0.010651262775970692,0.1608,6.34547623657331,0.0001
clip_b32,nationality,233,-0.08976510409953364,0.0929,0.7433518418030489,0.8736
clip_b32,professor,419,0.022139977503146682,0.0001,2.171755274570582,0.0001
