head,display,school_only,professor_only,shared,residual
clip_l,CLIP-L,0.0038241920186623535,0.060214514900821636,0.051158763152540754,0.8848025299279753
