head,display,school_only,professor_only,shared,residual
clip_b32,CLIP-B32,0.006615881741691809,0.04891858925164261,0.05093950481479703,0.8935260241918686
