head,display,variable,Df,variance,variance_pct,F_stat,p_value
clip_b32,CLIP-B32,school,1,0.026726537110699944,0.7685004530456576,3.8835315480943944,0.023
clip_b32,CLIP-B32,gender,2,0.06332358541211924,1.8208196548667863,4.600654784939601,0.002
clip_b32,CLIP-B32,professor_class,28,0.3577775214922543,10.28760988441982,1.8566890039973585,0.001
clip_b32,CLIP-B32,continent,3,0.042908992035035176,1.2338141556488926,2.078314193552054,0.02
