head,display,school_only,professor_only,shared,residual
csd_content,CSD-Content,0.0023834626369338974,0.056453001905010236,0.05525614717799421,0.8859073882800617
