head,display,school_only,professor_only,shared,residual
csd_style,CSD-Style,6.152867801422213e-4,0.05512644382759213,0.05432723547337115,0.8899310339188945
