head,variable,n,mantel_r,mantel_p,permanova_f,permanova_p
csd_style,school,441,0.0242764825152332,0.0001,2.8553006298635997,0.0001
csd_style,gender,439,0.015235401924330101,0.0165,5.062433943483743,0.0001
csd_style,nationality,233,-0.1119901194710644,0.0067,0.8795824808609328,0.8438
csd_style,professor,419,0.02914672070213241,0.0001,2.3106428629515263,0.0001
