head,display,variable,Df,variance,variance_pct,F_stat,p_value
csd_content,CSD-Content,school,1,0.04282071961339362,0.4141746219981936,2.1220563717971417,0.071
csd_content,CSD-Content,gender,2,0.11682841751735928,1.1299988907417764,2.894819260839148,0.006
csd_content,CSD-Content,professor_class,28,1.060766918647099,10.260050310350964,1.8774349185476844,0.001
csd_content,CSD-Content,continent,3,0.23671698436762334,2.289596447845466,3.910309382351746,0.001
