head,display,variable,Df,variance,variance_pct,F_stat,p_value
csd_style,CSD-Style,school,1,0.16768570937933447,0.2592369153880518,1.3273710385883342,0.257
csd_style,CSD-Style,gender,2,0.784937490317489,1.2134890594762995,3.106714625850072,0.001
csd_style,CSD-Style,professor_class,28,6.628579828690782,10.24757920369946,1.873953217970715,0.001
csd_style,CSD-Style,continent,3,1.6431068329685203,2.540192295505681,4.335516388489971,0.001
