head,variable,n,mantel_r,mantel_p,permanova_f,permanova_p
csd_content,school,441,0.0273579920795333,0.0006,2.964744657857087,0.0001
csd_content,gender,439,0.012691788114081339,0.0676,4.872747456537966,0.0007
csd_content,nationality,233,-0.1390814338563709,0.0044,0.7595140763897427,0.9388
csd_content,professor,419,0.02991574034710059,0.0001,2.3424603561357458,0.0001
