head,display,variable,Df,variance,variance_pct,F_stat,p_value
dinov2_gram,DINOv2-Gram,school,1,0.007425762828653704,0.6120381933770968,3.02198761070633,0.121
dinov2_gram,DINOv2-Gram,gender,2,0.0215159001556936,1.7733602545666243,4.378054161170185,0.025
dinov2_gram,DINOv2-Gram,professor_class,28,0.11562744984649853,9.530120627577626,1.680561930887063,0.035
dinov2_gram,DINOv2-Gram,continent,3,0.03375024337549026,2.781726060771243,4.5783317571763575,0.012
