head,display,variable,Df,variance,variance_pct,F_stat,p_value
dinov2_cls,DINOv2-CLS,school,1,0.195698675921971,0.6009313866994717,2.957355768023317,0.024
dinov2_cls,DINOv2-CLS,gender,2,0.4476659946622483,1.374646740368573,3.382515505598424,0.002
dinov2_cls,DINOv2-CLS,professor_class,28,3.427906128186123,10.526061933642524,1.850063243671129,0.001
dinov2_cls,DINOv2-CLS,continent,3,0.1842967246473961,0.5659194462342124,0.9283506545561176,0.541
