head,display,variable,Df,variance,variance_pct,F_stat,p_value
dinov2_l12,DINOv2-L12,school,1,0.13431377205105655,1.0053164364487361,4.991869355636835,0.017
dinov2_l12,DINOv2-L12,gender,2,0.260523025641449,1.9499718885949047,4.841264184148526,0.006
dinov2_l12,DINOv2-L12,professor_class,28,1.2054244306979243,9.022403098148647,1.6000170943670158,0.015
dinov2_l12,DINOv2-L12,continent,3,0.28585693961186287,2.139592057287315,3.5413605895955294,0.006
