head,variable,n,mantel_r,mantel_p,permanova_f,permanova_p
dinov2_l12,school,441,0.022893384868621067,0.0018,2.646553008386695,0.0001
dinov2_l12,gender,439,0.01080009499681513,0.1076,7.258673879922902,0.0018
dinov2_l12,nationality,233,-0.09193625995178208,0.0446,0.8116243527794131,0.7371
dinov2_l12,professor,419,0.02255559098504877,0.0001,1.8290948541516534,0.0003
