head,variable,n,mantel_r,mantel_p,permanova_f,permanova_p
dinov2_gram,school,441,0.009578230366111669,0.1913,2.0976470967206584,0.0232
dinov2_gram,gender,439,0.009985855919787488,0.1383,9.01671787556523,0.0049
dinov2_gram,nationality,233,-0.07868961759522639,0.0979,1.0492175839047853,0.3877
dinov2_gram,professor,419,0.014194373270188718,0.0014,1.7878030683264785,0.0107
