head,display,school_only,professor_only,shared,residual
dinov2_style,DINOv2-Style,0.009952021362088947,0.04373491591283052,0.036242668786321985,0.9100703939387585
