head,display,school_only,professor_only,shared,residual
dinov2_l12,DINOv2-L12,0.010107557486696117,0.03967465910103196,0.03097195010591436,0.9192458333063576
