head,variable,n,mantel_r,mantel_p,permanova_f,permanova_p
dinov2_style,school,441,0.02435978632947602,0.0007,2.7830291151927327,0.0001
dinov2_style,gender,439,0.013586367496157176,0.037,8.285608979009286,0.0008
dinov2_style,nationality,233,-0.08897890389453077,0.0418,0.806243462474005,0.7805
dinov2_style,professor,419,0.02552335816028939,0.0001,1.9439681060507312,0.0002
