head,display,variable,Df,variance,variance_pct,F_stat,p_value
dinov2_style,DINOv2-Style,school,1,0.15988034701550724,0.987102835685607,4.958934602629165,0.013
dinov2_style,DINOv2-Style,gender,2,0.33961676810692154,2.096797268098298,5.266867924783617,0.002
dinov2_style,DINOv2-Style,professor_class,28,1.5384599834829729,9.498467076366675,1.704203574125262,0.005
dinov2_style,DINOv2-Style,continent,3,0.3398761492961455,2.09839869011286,3.513926985221305,0.007
