head,display,school_only,professor_only,shared,residual
goya_style,GOYA-Style,0.007173216104909175,0.0618934321893283,0.07164341036692834,0.8592899413388342
