head,display,school_only,professor_only,shared,residual
goya_content,GOYA-Content,0.0010731607567640022,0.013411258899736045,0.0021240932705964832,0.9833914870729035
