head,display,variable,Df,variance,variance_pct,F_stat,p_value
goya_style,GOYA-Style,school,1,0.19228903146758825,0.8141406587444953,4.239085478419058,0.009
goya_style,GOYA-Style,gender,2,0.2132133811908865,0.9027331475490252,2.350185398284825,0.035
goya_style,GOYA-Style,professor_class,28,2.8341040994482825,11.999433149488933,2.2313897248112498,0.001
goya_style,GOYA-Style,continent,3,0.31131060191626503,1.3180711171296025,2.2876538888518216,0.015
