head,variable,n,mantel_r,mantel_p,permanova_f,permanova_p
goya_content,school,441,0.000909790977519626,0.9062,1.4619151912514978,0.1457
goya_content,gender,439,-0.003966576902484584,0.58,0.7718903371045541,0.3776
goya_content,nationality,233,-0.08613743405943884,0.0812,0.6215470144700561,0.7729
goya_content,professor,419,0.002235600748148594,0.6369,1.1805177844040349,0.2471
