head,display,variable,Df,variance,variance_pct,F_stat,p_value
goya_content,GOYA-Content,school,1,0.10534226840152172,0.34431665961818175,1.5378631645293643,0.174
goya_content,GOYA-Content,gender,2,0.17219312383252472,0.5628221425918941,1.256900322850167,0.272
goya_content,GOYA-Content,professor_class,28,1.9782246717292793,6.465929785638262,1.0314130242775725,0.413
goya_content,GOYA-Content,continent,3,0.12577373808612435,0.41109797636445095,0.6120455470307699,0.588
