head,variable,n,mantel_r,mantel_p,permanova_f,permanova_p
goya_style,school,441,0.026342087371092556,0.0006,3.3317094454400107,0.0001
goya_style,gender,439,0.02301811927372193,0.0017,5.252255976333099,0.001
goya_style,nationality,233,-0.12071773889604198,0.0112,0.7344422828552859,0.8963
goya_style,professor,419,0.03311502309284804,0.0001,2.6877899061477497,0.0001
