head,display,school_only,professor_only,shared,residual
kim_c,KIM-C,0.0029030569046130106,0.05775457882878232,0.05569358881860642,0.8836487754479982
