head,variable,n,mantel_r,mantel_p,permanova_f,permanova_p
kim_c,school,441,0.036336608384729095,0.0001,3.029486702458814,0.0001
kim_c,gender,439,0.01677996664331531,0.0196,5.752484796266848,0.0001
kim_c,nationality,233,-0.1049152256454926,0.038,0.7947605369111571,0.9103
kim_c,professor,419,0.03173942367044709,0.0001,2.3321266134102805,0.0001
