head,display,variable,Df,variance,variance_pct,F_stat,p_value
kim_c,KIM-C,school,1,0.10179283699978114,0.4400967945681748,2.2551884998461524,0.058
kim_c,KIM-C,gender,2,0.30408571784792215,1.3147010501251741,3.368462035592791,0.001
kim_c,KIM-C,professor_class,28,2.4300451432668453,10.506191886664865,1.9227461040077787,0.001
kim_c,KIM-C,continent,3,0.4455787688440971,1.9264399507437093,3.290552802764093,0.001
