head,display,school_only,professor_only,shared,residual
kim_a,KIM-A,0.001110917861248839,0.028577594940870532,0.013277059810720582,0.95703442738716
