head,variable,n,mantel_r,mantel_p,permanova_f,permanova_p
kim_a,school,441,0.0013320802523177095,0.8373,1.961616509255214,0.0037
kim_a,gender,439,0.01928948555217398,0.0062,3.785265488648513,0.0274
kim_a,nationality,233,-0.014883876421637377,0.6701,1.0595460780433765,0.361
kim_a,professor,419,0.003668855589132376,0.3692,1.5152186012416702,0.0034
