head,display,variable,Df,variance,variance_pct,F_stat,p_value
kim_a,KIM-A,school,1,0.28899425464287276,0.2614047633736665,1.224987207822828,0.279
kim_a,KIM-A,gender,2,1.3370582962921276,1.2094129967772391,2.8337575622312374,0.026
kim_a,KIM-A,professor_class,28,7.836408777275366,7.088288259067334,1.1863187531549872,0.185
kim_a,KIM-A,continent,3,1.7991733558658325,1.6274111952139199,2.542108606178443,0.016
