head,display,school_only,professor_only,shared,residual
openclip_l,OpenCLIP-L,0.004456142658652684,0.05645565880862735,0.05394374485643638,0.8851444536762836
