head,variable,n,mantel_r,mantel_p,permanova_f,permanova_p
openclip_l,school,441,0.03315624577857834,0.0001,3.038542179795786,0.0001
openclip_l,gender,439,0.01576206141961981,0.0317,6.151606426822061,0.0001
openclip_l,nationality,233,-0.10268470756032683,0.0513,0.7527445798760601,0.9265
openclip_l,professor,419,0.027631801598053785,0.0001,2.3010190375016104,0.0001
