head,display,variable,Df,variance,variance_pct,F_stat,p_value
openclip_l,OpenCLIP-L,school,1,0.07794525262634266,0.5759320671889258,2.945165551004497,0.023
openclip_l,OpenCLIP-L,gender,2,0.20565814687156347,1.519593787575372,3.885402054908783,0.002
openclip_l,OpenCLIP-L,professor_class,28,1.417222741789633,10.47176057352602,1.9124941896389482,0.001
openclip_l,OpenCLIP-L,continent,3,0.2310594949017517,1.7072825869246147,2.9101984691716436,0.001
