head,variable,n,mantel_r,mantel_p,permanova_f,permanova_p
scflow_style,school,441,0.015895450157674844,0.0546,2.436092214170316,0.0001
scflow_style,gender,439,0.01444796631441849,0.0548,5.211384069766141,0.0001
scflow_style,nationality,233,-0.10824104638841439,0.0417,0.6501908747017965,0.9453
scflow_style,professor,419,0.022040997626576807,0.0001,1.9921499277475747,0.0001
