head,variable,n,mantel_r,mantel_p,permanova_f,permanova_p
scflow_content,school,441,0.022652556583324823,0.0068,2.527457416301357,0.0001
scflow_content,gender,439,0.007316074944471346,0.3381,4.948352471581894,0.0001
scflow_content,nationality,233,-0.07615433605276511,0.1555,0.7826006074544923,0.8456
scflow_content,professor,419,0.01900326316068231,0.0003,1.8323946895978025,0.0001
