head,display,variable,Df,variance,variance_pct,F_stat,p_value
scflow_content,SCFlow-Content,school,1,0.015220891235291578,0.5790780406730403,2.8312996339642655,0.061
scflow_content,SCFlow-Content,gender,2,0.04006608008271906,1.524311999415297,3.7264269259595797,0.002
scflow_content,SCFlow-Content,professor_class,28,0.218839848806069,8.325751029215287,1.45383166897611,0.003
scflow_content,SCFlow-Content,continent,3,0.04148462503790462,1.5782804708114297,2.5722410483784905,0.004
