head,display,school_only,professor_only,shared,residual
scflow_content,SCFlow-Content,0.004050953163598381,0.042297392490887376,0.03079225119459683,0.9228594031509174
