head,display,school_only,professor_only,shared,residual
scflow_style,SCFlow-Style,9.589322029079916e-4,0.04273822014836892,0.04299488438931165,0.9133079632594114
