head,display,variable,Df,variance,variance_pct,F_stat,p_value
scflow_style,SCFlow-Style,school,1,0.004607008297916382,0.30734578319060035,1.5154099729858033,0.181
scflow_style,SCFlow-Style,gender,2,0.019507499928259175,1.301397231312349,3.2083575747707878,0.013
scflow_style,SCFlow-Style,professor_class,28,0.1424924972940349,9.506053679006103,1.6739601425188144,0.002
scflow_style,SCFlow-Style,continent,3,0.023791631294193483,1.5872030351677502,2.608639779899981,0.002
