head,variable,n,mantel_r,mantel_p,permanova_f,permanova_p
sscd,school,441,0.03802166838253305,0.0001,1.7151187786844158,0.0001
sscd,gender,439,0.025787150803831503,0.0005,3.3493548504234876,0.0001
sscd,nationality,233,-0.13791649304340262,0.0018,0.9757705900402722,0.6735
sscd,professor,419,0.026449714242785326,0.0001,1.4119141626240985,0.0001
