head,display,school_only,professor_only,shared,residual
sscd,SSCD,1.40117770466075e-4,0.02210744540829468,0.015383597430541851,0.9623688393906974
