head,display,variable,Df,variance,variance_pct,F_stat,p_value
sscd,SSCD,school,1,0.3638651229297807,0.23368283178553592,1.078373221676633,0.342
sscd,SSCD,gender,2,1.47923065146324,0.9499970887965572,2.1919698024054317,0.001
sscd,SSCD,professor_class,28,11.642003526743366,7.476771419808763,1.232248676261732,0.001
sscd,SSCD,continent,3,1.4553714742490342,0.9346741580067203,1.4377430230056925,0.002
